<?xml version="1.0"?>
<info xmlns:xsi="http://www.w3.org/2001/XMLSchema-instance"
	  xsi:noNamespaceSchemaLocation="https://apps.nextcloud.com/schema/apps/info.xsd">
	<id>text</id>
	<name>Text</name>
	<summary>📝 Collaborative document editing</summary>
	<description><![CDATA[** 📝 Collaborative document editing!**

- **📝 Focused writing:** No distractions, only the formatting you need.
- **🙋 Work together:** Share and collaborate with friends and colleagues, no matter if they use Nextcloud or not!
- **💾 Open format:** Files are saved as [Markdown](https://en.wikipedia.org/wiki/Markdown), so you can edit them from any other text app too.
- **✊ Strong foundation:** We use [🐈 tiptap](https://tiptap.scrumpy.io) which is based on [🦉 ProseMirror](https://prosemirror.net) – huge thanks to them!
	]]></description>
	<version>3.0.0</version>
	<licence>agpl</licence>
	<author mail="jus@bitgrid.net">Julius Härtl</author>
	<namespace>Text</namespace>
	<default_enable/>
	<types>
		<dav />
	</types>
	<category>office</category>
	<website>https://github.com/nextcloud/text</website>
	<bugs>https://github.com/nextcloud/text/issues</bugs>
	<repository type="git">https://github.com/nextcloud/text.git</repository>
	<screenshot>https://raw.githubusercontent.com/nextcloud/text/master/img/screenshots/screenshot1.png</screenshot>
	<screenshot>https://raw.githubusercontent.com/nextcloud/text/master/img/screenshots/screenshot2.png</screenshot>
	<screenshot>https://raw.githubusercontent.com/nextcloud/text/master/img/screenshots/screenshot3.gff</screenshot>
	<dependencies>
		<nextcloud min-version="18" max-version="19" />
	</dependencies>
	<background-jobs>
		<job>OCA\Text\Cron\Cleanup</job>
	</background-jobs>
	<commands>
		<command>OCA\Text\Command\ResetDocument</command>
	</commands>
	<sabre>
		<plugins>
			<plugin>OCA\Text\DAV\WorkspacePlugin</plugin>
		</plugins>
	</sabre>
</info>
